Models and Ablation Study,Threshold,Accuracy,Balanced Accuracy,Precision,Recall,Specificity,F1 Score,ROC-AUC,PR-AUC,MCC,Brier Score
Proposed DCS Fusion Model,0.631347,0.844077,0.846195,0.649425,0.850538,0.841852,0.736499,0.926378,0.893169,0.640120,0.273530
Ablation: QFL Fusion Model,0.581255,0.836915,0.842790,0.634984,0.854839,0.830741,0.728689,0.928999,0.896296,0.629612,0.241960
Ablation: Imaging Only (Cm),0.571155,0.741047,0.650054,0.494266,0.463441,0.836667,0.478357,0.739043,0.477861,0.306651,0.180974
Ablation: Structured Only (Sc),0.364215,0.926446,0.857861,0.994039,0.717204,0.998519,0.833229,0.846894,0.833073,0.804886,0.068138
Ablation: (Cm × Sc) Term,0.540265,0.846281,0.846971,0.654229,0.848387,0.845556,0.738764,0.925421,0.893453,0.643142,0.112454
Ablation: (Cm + Sc) Term,0.519834,0.766667,0.697939,0.543547,0.556989,0.838889,0.550186,0.845231,0.687991,0.392748,0.147551
Ablation: Label Shuffling,0.316778,0.869972,0.746237,1.000000,0.492473,1.000000,0.659942,0.837530,0.833931,0.647450,0.187597
Ablation: Added Noise to Cm,0.581255,0.834435,0.841476,0.630245,0.855914,0.827037,0.725946,0.921524,0.892665,0.625910,
Ablation: Added Noise to Sc,0.581255,0.833333,0.840735,0.628256,0.855914,0.825556,0.724624,0.919807,0.891895,0.624093,
Ablation: Added Noise to Cm × Sc,0.581255,0.834711,0.842366,0.630332,0.858065,0.826667,0.726776,0.918785,0.890294,0.627195,
